{
  "hash": "16fa3c62",
  "configHash": "928ed44b",
  "lockfileHash": "7967eda8",
  "browserHash": "8862795d",
  "optimized": {
    "@angular/common": {
      "src": "../../../../../node_modules/@angular/common/fesm2022/common.mjs",
      "file": "@angular_common.js",
      "fileHash": "bd718a33",
      "needsInterop": false
    },
    "@angular/core": {
      "src": "../../../../../node_modules/@angular/core/fesm2022/core.mjs",
      "file": "@angular_core.js",
      "fileHash": "4df9ed95",
      "needsInterop": false
    },
    "@angular/core/rxjs-interop": {
      "src": "../../../../../node_modules/@angular/core/fesm2022/rxjs-interop.mjs",
      "file": "@angular_core_rxjs-interop.js",
      "fileHash": "0a3f58ec",
      "needsInterop": false
    },
    "@angular/forms": {
      "src": "../../../../../node_modules/@angular/forms/fesm2022/forms.mjs",
      "file": "@angular_forms.js",
      "fileHash": "f71b8611",
      "needsInterop": false
    },
    "@angular/platform-browser": {
      "src": "../../../../../node_modules/@angular/platform-browser/fesm2022/platform-browser.mjs",
      "file": "@angular_platform-browser.js",
      "fileHash": "13516843",
      "needsInterop": false
    },
    "@angular/platform-browser/animations": {
      "src": "../../../../../node_modules/@angular/platform-browser/fesm2022/animations.mjs",
      "file": "@angular_platform-browser_animations.js",
      "fileHash": "cab1fd8a",
      "needsInterop": false
    },
    "@angular/router": {
      "src": "../../../../../node_modules/@angular/router/fesm2022/router.mjs",
      "file": "@angular_router.js",
      "fileHash": "bac3d25c",
      "needsInterop": false
    },
    "@coreui/angular": {
      "src": "../../../../../node_modules/@coreui/angular/fesm2022/coreui-angular.mjs",
      "file": "@coreui_angular.js",
      "fileHash": "77fe529b",
      "needsInterop": false
    },
    "@coreui/angular-chartjs": {
      "src": "../../../../../node_modules/@coreui/angular-chartjs/fesm2022/coreui-angular-chartjs.mjs",
      "file": "@coreui_angular-chartjs.js",
      "fileHash": "704bbc72",
      "needsInterop": false
    },
    "@coreui/icons": {
      "src": "../../../../../node_modules/@coreui/icons/dist/esm/index.js",
      "file": "@coreui_icons.js",
      "fileHash": "4c984903",
      "needsInterop": false
    },
    "@coreui/icons-angular": {
      "src": "../../../../../node_modules/@coreui/icons-angular/fesm2022/coreui-icons-angular.mjs",
      "file": "@coreui_icons-angular.js",
      "fileHash": "a5bdee84",
      "needsInterop": false
    },
    "@coreui/utils": {
      "src": "../../../../../node_modules/@coreui/utils/dist/esm/index.js",
      "file": "@coreui_utils.js",
      "fileHash": "5c528060",
      "needsInterop": false
    },
    "ngx-scrollbar": {
      "src": "../../../../../node_modules/ngx-scrollbar/fesm2022/ngx-scrollbar.mjs",
      "file": "ngx-scrollbar.js",
      "fileHash": "f94eff01",
      "needsInterop": false
    },
    "rxjs/operators": {
      "src": "../../../../../node_modules/rxjs/dist/esm5/operators/index.js",
      "file": "rxjs_operators.js",
      "fileHash": "e8ec9d01",
      "needsInterop": false
    }
  },
  "chunks": {
    "chunk-DTT52XW3": {
      "file": "chunk-DTT52XW3.js"
    },
    "chunk-YTIL56CK": {
      "file": "chunk-YTIL56CK.js"
    },
    "chunk-XTP5MKUX": {
      "file": "chunk-XTP5MKUX.js"
    },
    "chunk-RY6VZGPJ": {
      "file": "chunk-RY6VZGPJ.js"
    },
    "chunk-VIOFKPFU": {
      "file": "chunk-VIOFKPFU.js"
    },
    "chunk-4E3FZW2T": {
      "file": "chunk-4E3FZW2T.js"
    },
    "chunk-OUZDZVOA": {
      "file": "chunk-OUZDZVOA.js"
    },
    "chunk-XH7PH2UX": {
      "file": "chunk-XH7PH2UX.js"
    },
    "chunk-HR7ETXTP": {
      "file": "chunk-HR7ETXTP.js"
    },
    "chunk-PEQT6LCE": {
      "file": "chunk-PEQT6LCE.js"
    }
  }
}