{
  "hash": "d02574a1",
  "configHash": "cdc0a664",
  "lockfileHash": "7967eda8",
  "browserHash": "8a1a3dee",
  "optimized": {
    "@angular/common": {
      "src": "../../../../../node_modules/@angular/common/fesm2022/common.mjs",
      "file": "@angular_common.js",
      "fileHash": "3753eec0",
      "needsInterop": false
    },
    "@angular/core": {
      "src": "../../../../../node_modules/@angular/core/fesm2022/core.mjs",
      "file": "@angular_core.js",
      "fileHash": "59d31e47",
      "needsInterop": false
    },
    "@angular/core/rxjs-interop": {
      "src": "../../../../../node_modules/@angular/core/fesm2022/rxjs-interop.mjs",
      "file": "@angular_core_rxjs-interop.js",
      "fileHash": "03dcc058",
      "needsInterop": false
    },
    "@angular/forms": {
      "src": "../../../../../node_modules/@angular/forms/fesm2022/forms.mjs",
      "file": "@angular_forms.js",
      "fileHash": "e8a2f9bc",
      "needsInterop": false
    },
    "@angular/platform-browser": {
      "src": "../../../../../node_modules/@angular/platform-browser/fesm2022/platform-browser.mjs",
      "file": "@angular_platform-browser.js",
      "fileHash": "a2b708d3",
      "needsInterop": false
    },
    "@angular/platform-browser/animations": {
      "src": "../../../../../node_modules/@angular/platform-browser/fesm2022/animations.mjs",
      "file": "@angular_platform-browser_animations.js",
      "fileHash": "e0969e12",
      "needsInterop": false
    },
    "@angular/router": {
      "src": "../../../../../node_modules/@angular/router/fesm2022/router.mjs",
      "file": "@angular_router.js",
      "fileHash": "9429ccf5",
      "needsInterop": false
    },
    "@coreui/angular": {
      "src": "../../../../../node_modules/@coreui/angular/fesm2022/coreui-angular.mjs",
      "file": "@coreui_angular.js",
      "fileHash": "4c3fbfde",
      "needsInterop": false
    },
    "@coreui/angular-chartjs": {
      "src": "../../../../../node_modules/@coreui/angular-chartjs/fesm2022/coreui-angular-chartjs.mjs",
      "file": "@coreui_angular-chartjs.js",
      "fileHash": "8916dab0",
      "needsInterop": false
    },
    "@coreui/icons": {
      "src": "../../../../../node_modules/@coreui/icons/dist/esm/index.js",
      "file": "@coreui_icons.js",
      "fileHash": "141d9331",
      "needsInterop": false
    },
    "@coreui/icons-angular": {
      "src": "../../../../../node_modules/@coreui/icons-angular/fesm2022/coreui-icons-angular.mjs",
      "file": "@coreui_icons-angular.js",
      "fileHash": "deed0343",
      "needsInterop": false
    },
    "@coreui/utils": {
      "src": "../../../../../node_modules/@coreui/utils/dist/esm/index.js",
      "file": "@coreui_utils.js",
      "fileHash": "ac76d9f1",
      "needsInterop": false
    },
    "ngx-scrollbar": {
      "src": "../../../../../node_modules/ngx-scrollbar/fesm2022/ngx-scrollbar.mjs",
      "file": "ngx-scrollbar.js",
      "fileHash": "45b566a2",
      "needsInterop": false
    },
    "rxjs/operators": {
      "src": "../../../../../node_modules/rxjs/dist/esm5/operators/index.js",
      "file": "rxjs_operators.js",
      "fileHash": "cfa47ff4",
      "needsInterop": false
    }
  },
  "chunks": {
    "chunk-DTT52XW3": {
      "file": "chunk-DTT52XW3.js"
    },
    "chunk-XTP5MKUX": {
      "file": "chunk-XTP5MKUX.js"
    },
    "chunk-RY6VZGPJ": {
      "file": "chunk-RY6VZGPJ.js"
    },
    "chunk-YTIL56CK": {
      "file": "chunk-YTIL56CK.js"
    },
    "chunk-VIOFKPFU": {
      "file": "chunk-VIOFKPFU.js"
    },
    "chunk-4E3FZW2T": {
      "file": "chunk-4E3FZW2T.js"
    },
    "chunk-OUZDZVOA": {
      "file": "chunk-OUZDZVOA.js"
    },
    "chunk-XH7PH2UX": {
      "file": "chunk-XH7PH2UX.js"
    },
    "chunk-HR7ETXTP": {
      "file": "chunk-HR7ETXTP.js"
    },
    "chunk-PEQT6LCE": {
      "file": "chunk-PEQT6LCE.js"
    }
  }
}